{"train/total_loss": 0.6772739887237549, "train/iou_loss": 0.31858962774276733, "train/l1_loss": 0.17211854457855225, "train/conf_loss": 0.0480227991938591, "train/cls_loss": 0.138543039560318, "train/lr": 0.000125, "train/step": 140197, "_timestamp": 1668612946.822914, "_runtime": 26361.926016807556, "_step": 14033, "val/COCOAP50": 0.9990918306416896, "val/COCOAP50_95": 0.9935592885168115, "train/epoch": 100, "val_results/result_table": {"_type": "table-file", "sha256": "e90eab4393245627f62ea487f8c8161c2a229436b6a9d90e2940b059a9dee5b4", "size": 75750, "artifact_path": "wandb-client-artifact://4eqggyg7a8xcprcznm9wokbumlr64c498dt4une7id77ijcrdu60pzeiewmqkc55crdst9xxpgr8n1tw9nhfp8cbre45ah6lslrnwb6csls0c9bintjswsqk9n2i22pg:latest/val_results/result_table.table.json", "_latest_artifact_path": "wandb-client-artifact://4eqggyg7a8xcprcznm9wokbumlr64c498dt4une7id77ijcrdu60pzeiewmqkc55crdst9xxpgr8n1tw9nhfp8cbre45ah6lslrnwb6csls0c9bintjswsqk9n2i22pg:latest/val_results/result_table.table.json", "path": "media/table/val_results/result_table_14033_e90eab4393245627f62e.table.json", "ncols": 117, "nrows": 100}, "_wandb": {"runtime": 26361}}